collected,name,symbol,as_of,close,chg_1w_pct,chg_1m_pct,chg_3m_pct,above_200dma
2026-10-04,EEM,EEM,2026-10-02,67.67,-0.46,0.77,3.0,True
2026-10-04,INDA,INDA,2026-10-02,46.52,-2.8,-6.9,-6.13,False
2026-10-04,SPY,SPY,2026-10-02,769.64,-0.22,0.84,3.59,True
2026-10-04,brent,BZ=F,2026-10-02,102.25,-1.98,6.92,42.41,True
2026-10-04,dollar_index,DX-Y.NYB,2026-10-02,101.93,0.95,2.38,1.06,True
2026-10-04,india_vix,^INDIAVIX,2026-10-01,14.46,13.95,25.85,17.66,False
2026-10-04,nifty,^NSEI,2026-10-01,22421.9492,-2.78,-6.79,-7.25,False
2026-10-04,sp500,^GSPC,2026-10-02,7722.7202,-0.27,0.73,3.2,True
2026-10-04,us_10y_yield,^TNX,2026-10-02,5.277,1.79,10.03,17.66,True
2026-10-04,usd_inr,INR=X,2026-10-04,96.3,0.14,1.91,0.81,True
